variable,count,mean,std,min,25%,50%,75%,max,original
dummy1,1000.0,0.00017486821070471323,0.010373726687810851,-0.0344015204726734,-0.0070560791840937245,0.0002092150249787,0.007215827779051375,0.0299496451961894,-0.0247219598557296
dummy2,1000.0,1.9098839225320367e-05,0.009460758159484852,-0.0298980140127797,-0.005992962305528525,0.00019180852400225,0.00632510540880985,0.0348365815685419,0.0008050723747328
x1,1000.0,0.05076393567796651,3.101574588234902,-11.286496869291543,-2.017280555017054,-0.11356453486710286,1.9219165356553891,28.20164118939919,28.20164118939919
x2,1000.0,-0.28297734774860905,8.058192893380435,-24.018611112736668,-5.800375864346569,-0.648457684589073,4.796167750726685,75.05414527689379,75.05414527689379
x3,1000.0,-0.0031173733441169703,1.860625686289176,-5.0349072175068414,-1.2338001692361784,-0.0496983556689088,1.132802499591984,17.749017597410013,17.749017597410013
